id,pt_PT,pt_BR,pt_PT_words,pt_BR_words
1,"Ontem à noite, enquanto passeava pelo centro da cidade, encontrei um amigo que não via há anos.","Ontem à noite, enquanto caminhava pelo centro da cidade, encontrei um amigo que não via há anos.",17,17
2,"Se não te importares, vou buscar um café antes de começarmos a reunião, porque estou mesmo a precisar.","Se você não se importar, vou pegar um café antes de começarmos a reunião, porque estou realmente precisando.",18,18
3,"Amanhã de manhã, se o tempo estiver bom, podemos ir dar um passeio pela praia e aproveitar o sol.","Amanhã de manhã, se o tempo estiver bom, podemos dar uma volta pela praia e aproveitar o sol.",19,18
4,"Quando cheguei ao aeroporto, percebi que tinha deixado o passaporte em casa e entrei em pânico.","Quando cheguei ao aeroporto, percebi que tinha esquecido o passaporte em casa e fiquei desesperado.",16,15
5,A minha irmã pediu-me para tomar conta do gato dela enquanto ela está de férias no estrangeiro.,Minha irmã me pediu para cuidar do gato dela enquanto ela está de férias no exterior.,17,16
6,"Depois de uma longa caminhada pela serra, decidimos parar num café para descansar e beber um chá quente.","Depois de uma longa caminhada pela serra, decidimos parar em um café para descansar e tomar um chá quente.",18,19
7,"Se quiseres, posso ajudar-te a montar os móveis novos, mas vai demorar algum tempo a terminar tudo.","Se você quiser, posso te ajudar a montar os móveis novos, mas vai levar um tempo para terminar tudo.",17,19
8,"A reunião foi adiada para a próxima semana, porque o diretor não conseguiu chegar a tempo devido ao trânsito.","A reunião foi adiada para a próxima semana, porque o diretor não conseguiu chegar a tempo por causa do trânsito.",19,20
9,"Ontem à tarde, enquanto esperava pelo autocarro, encontrei uma carteira no chão e entreguei-a à polícia.","Ontem à tarde, enquanto esperava pelo ônibus, encontrei uma carteira no chão e entreguei para a polícia.",16,17
10,"Se não te importares, vou abrir a janela, porque está muito calor aqui dentro e preciso de um pouco de ar fresco.","Se você não se importar, vou abrir a janela, porque está muito calor aqui dentro e preciso de um pouco de ar fresco.",22,23
11,"A professora pediu aos alunos que entregassem os trabalhos até sexta-feira, mas alguns ainda não o fizeram.","A professora pediu para os alunos entregarem os trabalhos até sexta-feira, mas alguns ainda não fizeram isso.",17,17
12,"Depois de passar horas a tentar resolver o problema, finalmente consegui encontrar uma solução que funcionava.","Depois de passar horas tentando resolver o problema, finalmente consegui encontrar uma solução que funcionava.",16,15
13,"Quando cheguei ao restaurante, percebi que tinha esquecido a carteira em casa e fiquei sem saber o que fazer.","Quando cheguei ao restaurante, percebi que tinha esquecido a carteira em casa e não sabia o que fazer.",19,18
14,"Amanhã de manhã, se não chover, podemos ir ao mercado comprar frutas frescas e alguns legumes para o jantar.","Amanhã de manhã, se não chover, podemos ir à feira comprar frutas frescas e alguns legumes para o jantar.",19,19
15,"A minha prima convidou-me para a festa de aniversário dela, mas ainda não sei se vou conseguir ir.","Minha prima me convidou para a festa de aniversário dela, mas ainda não sei se vou conseguir ir.",18,18
16,"A professora pediu aos alunos que entregassem os trabalhos de casa até ao final da semana, mas nem todos o fizeram.","A professora pediu para os alunos entregarem os deveres de casa até o final da semana, mas nem todos fizeram isso.",21,21
17,"Quando fui ao supermercado, percebi que tinha esquecido a lista de compras e tive de improvisar.","Quando fui ao mercado, percebi que tinha esquecido a lista de compras e precisei improvisar.",16,15
18,"Amanhã, se o tempo estiver bom, podemos fazer um piquenique no parque e levar algumas sandes e sumos.","Amanhã, se o tempo estiver bom, podemos fazer um piquenique no parque e levar alguns sanduíches e sucos.",18,18
19,"Quando fui ao mercado, percebi que tinha esquecido o saco reutilizável e tive de comprar um de plástico.","Quando fui ao mercado, percebi que tinha esquecido a sacola reutilizável e precisei comprar uma de plástico.",18,17
20,"Se quiseres, posso ajudar-te a organizar a festa de aniversário, mas precisas de me dizer o que já tens planeado.","Se você quiser, posso te ajudar a organizar a festa de aniversário, mas você precisa me dizer o que já planejou.",20,21
21,"Amanhã, se não chover, podemos ir ao jardim botânico para ver as flores que estão a desabrochar.","Amanhã, se não chover, podemos ir ao jardim botânico para ver as flores que estão desabrochando.",17,16
22,O meu vizinho pediu-me ajuda para montar um móvel novo que comprou na loja de móveis do centro da cidade.,Meu vizinho me pediu ajuda para montar um móvel novo que ele comprou na loja de móveis do centro da cidade.,20,21
23,O meu irmão mais novo adora jogar futebol no parque com os amigos depois das aulas da escola.,Meu irmão mais novo adora jogar futebol no parque com os amigos depois das aulas da escola.,18,17
24,A reunião de trabalho foi adiada para a próxima semana porque o chefe teve um imprevisto de última hora.,A reunião de trabalho foi adiada para a semana que vem porque o chefe teve um imprevisto de última hora.,19,20
25,"Antes de saíres de casa, certifica-te de que fechaste todas as janelas e trancaste a porta principal.","Antes de sair de casa, certifique-se de que fechou todas as janelas e trancou a porta principal.",17,17
26,"No próximo verão, estamos a planear fazer uma viagem de carro por toda a costa do sul de Portugal.","No próximo verão, estamos planejando fazer uma viagem de carro por toda a costa do sul de Portugal.",19,18
27,O professor explicou o problema de matemática de uma forma tão clara que todos os alunos conseguiram entender.,O professor explicou o problema de matemática de um jeito tão claro que todos os alunos conseguiram entender.,18,18
28,"Antes de sairmos para o jantar, o meu pai pediu-me para verificar se todas as luzes estavam apagadas.","Antes de sairmos para o jantar, meu pai me pediu para verificar se todas as luzes estavam apagadas.",18,18
29,"Quando fomos visitar o museu, ficámos impressionados com a quantidade de obras de arte expostas nas galerias.","Quando fomos visitar o museu, ficamos impressionados com a quantidade de obras de arte expostas nas galerias.",17,17
30,"Quando fomos à feira de antiguidades, encontramos um candeeiro antigo que ficava perfeito na nossa sala de estar.","Quando fomos à feira de antiguidades, encontramos uma luminária antiga que ficava perfeita na nossa sala de estar.",18,18
31,"Quando fores ao supermercado, lembra-te de comprar pão fresco, leite e algumas maçãs para o pequeno-almoço.","Quando você for ao mercado, lembre-se de comprar pão fresco, leite e algumas maçãs para o café da manhã.",16,19
32,"A viagem de comboio foi muito agradável, especialmente porque a paisagem ao longo do caminho era deslumbrante.","A viagem de trem foi muito agradável, especialmente porque a paisagem ao longo do caminho era deslumbrante.",17,17
33,"Quando fores ao mercado, lembra-te de comprar ovos, farinha e açúcar para fazermos o bolo de aniversário.","Quando você for ao mercado, lembre-se de comprar ovos, farinha e açúcar para fazermos o bolo de aniversário.",17,18
34,"O comboio para Lisboa está atrasado, por isso vou ter de esperar mais meia hora na estação.","O trem para São Paulo está atrasado, então vou ter que esperar mais meia hora na estação.",17,17
35,Amanhã vou ao centro da cidade para comprar um presente de aniversário para a minha irmã mais nova.,Amanhã vou ao centro da cidade para comprar um presente de aniversário para a minha irmã caçula.,18,17
36,"O professor pediu-nos para entregar o trabalho final até ao final da próxima semana, sem falta.","O professor pediu para entregarmos o trabalho final até o fim da próxima semana, sem falta.",16,16
37,"Se o tempo continuar assim, acho que vamos ter de cancelar o piquenique que planeámos para o domingo.","Se o tempo continuar assim, acho que vamos ter que cancelar o piquenique que planejamos para o domingo.",18,18
38,"Se o tempo estiver bom no fim de semana, podemos organizar um churrasco no jardim com os amigos.","Se o tempo estiver bom no fim de semana, a gente pode organizar um churrasco no quintal com os amigos.",18,20
39,"No próximo fim de semana, estamos a pensar fazer um piquenique no parque, se o tempo estiver bom.","No próximo fim de semana, estamos pensando em fazer um piquenique no parque, se o tempo estiver bom.",18,18
40,"Embora o trânsito estivesse caótico esta manhã, consegui chegar ao trabalho a tempo para a reunião importante.","Embora o trânsito estivesse um caos hoje de manhã, consegui chegar ao trabalho a tempo para a reunião importante.",17,19
41,"Apesar de termos planeado sair cedo, acabámos por nos atrasar porque o meu irmão não encontrava as chaves do carro.","Apesar de termos planejado sair cedo, acabamos nos atrasando porque meu irmão não encontrava as chaves do carro.",20,18
42,"Embora o filme tenha sido um pouco longo, gostei muito da história e das personagens principais, que eram cativantes.","Embora o filme tenha sido um pouco longo, gostei muito da história e dos personagens principais, que eram cativantes.",19,19
43,O comboio estava tão cheio esta manhã que tive de ficar de pé durante toda a viagem até ao trabalho.,O trem estava tão cheio hoje de manhã que precisei ficar em pé durante toda a viagem até o trabalho.,20,20
44,"Se fores ao supermercado, traz-me um pacote de arroz e algumas maçãs, porque já não temos em casa.","Se você for ao mercado, traga um pacote de arroz e algumas maçãs, porque já não temos em casa.",18,19
45,O filme que vimos ontem à noite foi tão emocionante que fiquei a pensar nele durante horas.,O filme que assistimos ontem à noite foi tão emocionante que fiquei pensando nele por horas.,17,16
46,"Se fores ao centro da cidade, não te esqueças de passar pela farmácia para comprar os medicamentos.","Se você for ao centro da cidade, não se esqueça de passar na farmácia para comprar os remédios.",17,18
47,"Quando saí de casa esta manhã, reparei que tinha deixado as luzes do carro acesas durante a noite.","Quando saí de casa hoje de manhã, percebi que tinha deixado as luzes do carro ligadas durante a noite.",18,19
48,"Ontem, enquanto passeava pelo parque, vi um grupo de crianças a brincar com um cão muito engraçado.","Ontem, enquanto caminhava pelo parque, vi um grupo de crianças brincando com um cachorro muito engraçado.",17,16
49,"Amanhã, depois de almoçarmos, podemos ir visitar aquele museu novo que abriu no centro da cidade.","Amanhã, depois de almoçarmos, podemos visitar aquele museu novo que abriu no centro da cidade.",16,15
50,"Ontem, enquanto esperava pelo autocarro, encontrei um colega da escola que não via há muitos anos.","Ontem, enquanto esperava pelo ônibus, encontrei um colega da escola que não via há muitos anos.",16,16
51,"Amanhã, depois de almoçarmos, podemos ir visitar aquele parque natural que fica a cerca de uma hora daqui.","Amanhã, depois de almoçarmos, podemos visitar aquele parque natural que fica a mais ou menos uma hora daqui.",18,18
52,"Enquanto esperava pelo autocarro, reparei que tinha deixado o telemóvel em casa e voltei para o buscar.","Enquanto esperava o ônibus, percebi que tinha esquecido o celular em casa e voltei para buscá-lo.",17,16
53,"Enquanto esperava pelo táxi, percebi que tinha deixado a minha carteira em casa e voltei para a buscar.","Enquanto esperava o táxi, percebi que tinha esquecido minha carteira em casa e voltei para buscá-la.",18,16
54,Vou buscar pão fresco à padaria.,Vou comprar pão fresco na padaria.,6,6
55,Amanhã vou ao supermercado comprar fruta.,Amanhã vou ao mercado comprar frutas.,6,6
56,Ela está a preparar o jantar para a família.,Ela está preparando o jantar para a família.,9,8
57,O autocarro está atrasado outra vez.,O ônibus está atrasado de novo.,6,6
58,Preciso de carregar o telemóvel antes de sair.,Preciso carregar o celular antes de sair.,8,7
59,Ela gosta de passear à beira-mar.,Ela gosta de passear na beira da praia.,6,8
60,O miúdo perdeu o autocarro para a escola.,O garoto perdeu o ônibus para a escola.,8,8
61,Vou comprar um bilhete para o concerto.,Vou comprar um ingresso para o show.,7,7
62,Preciso de encontrar um lugar para estacionar o carro.,Preciso encontrar um lugar para estacionar o carro.,9,8
63,Ela está a estudar para o exame de matemática.,Ela está estudando para a prova de matemática.,9,8
64,O gato está a dormir no sofá da sala.,O gato está dormindo no sofá da sala.,9,8
65,Vou fazer uma caminhada pela manhã.,Vou fazer uma caminhada de manhã.,6,6
66,Vou ao café buscar um bolo para o lanche.,Vou à padaria comprar um bolo para o lanche.,9,9
67,O autocarro para o aeroporto parte às seis da manhã.,O ônibus para o aeroporto sai às seis da manhã.,10,10
68,O miúdo está a aprender a andar de bicicleta.,O menino está aprendendo a andar de bicicleta.,9,8
69,Vou ao quiosque comprar o jornal da manhã.,Vou à banca comprar o jornal da manhã.,8,8
70,O carro ficou sem gasolina no meio da autoestrada.,O carro ficou sem gasolina no meio da rodovia.,9,9
71,Vou comprar bilhetes para o jogo de futebol.,Vou comprar ingressos para o jogo de futebol.,8,8
72,Ela gosta de tomar chá ao final da tarde.,Ela gosta de tomar chá no fim da tarde.,9,9
73,Vou enviar-te o documento por e-mail.,Vou te enviar o documento por e-mail.,6,7
74,Vou buscar os miúdos à escola às cinco.,Vou buscar as crianças na escola às cinco.,8,8
75,Ela foi ao mercado comprar legumes frescos.,Ela foi ao mercado comprar verduras frescas.,7,7
76,Vou sair para dar um passeio pelo parque.,Vou sair para dar uma volta no parque.,8,8
77,"A loja fecha às oito da noite, temos de nos apressar.","A loja fecha às oito da noite, precisamos nos apressar.",11,10
78,A sopa está demasiado quente para comer agora.,A sopa está quente demais para comer agora.,8,8
79,O cão está a brincar no jardim com a bola.,O cachorro está brincando no quintal com a bola.,10,9
80,Vou preparar um chá quente para o pequeno-almoço.,Vou preparar um chá quente para o café da manhã.,8,10
81,O gato está a dormir em cima da cama.,O gato está dormindo em cima da cama.,9,8
82,Vou sair para correr no parque esta tarde.,Vou sair para correr no parque hoje à tarde.,8,9
83,Podes emprestar-me o teu caderno de apontamentos?,Você pode me emprestar seu caderno de anotações?,7,8
84,Podes ajudar-me a montar este móvel?,Você pode me ajudar a montar este móvel?,6,8
85,A loja fecha às sete da tarde.,A loja fecha às sete da noite.,7,7
86,Ele foi ao café buscar um galão.,Ele foi à padaria buscar um pingado.,7,7
87,O telemóvel caiu e partiu o ecrã.,O celular caiu e quebrou a tela.,7,7
88,Ela foi à farmácia comprar um remédio.,Ela foi na farmácia comprar um remédio.,7,7
89,Vou levar o cão a passear ao jardim.,Vou levar o cachorro para passear no parque.,8,8
90,O trânsito está muito lento esta manhã.,O trânsito está muito lento hoje de manhã.,7,8
91,Ele está a arrumar os livros na estante.,Ele está organizando os livros na estante.,8,7
92,O telemóvel está a carregar na tomada da sala.,O celular está carregando na tomada da sala.,9,8
93,Ela comprou um bilhete para o jogo de futebol.,Ela comprou um ingresso para o jogo de futebol.,9,9
94,Vou ligar-te mais tarde para combinarmos o jantar.,Vou te ligar mais tarde para combinarmos o jantar.,8,9
95,O cão fugiu do quintal e foi para a rua.,O cachorro fugiu do quintal e foi para a rua.,10,10
96,Ele está a fazer um bolo para o aniversário da mãe.,Ele está fazendo um bolo para o aniversário da mãe.,11,10
97,Vou à pastelaria comprar um bolo de aniversário.,Vou à confeitaria comprar um bolo de aniversário.,8,8
98,Vou à farmácia comprar um remédio para a constipação.,Vou à farmácia comprar um remédio para o resfriado.,9,9
99,Amanhã tenho de ir ao centro de saúde.,Amanhã preciso ir ao posto de saúde.,8,7
100,Vou pedir um táxi para ir ao aeroporto.,Vou chamar um táxi para ir ao aeroporto.,8,8
101,"A sopa está quente, cuidado para não te queimares.","A sopa está quente, cuidado para não se queimar.",9,9
102,Ele foi ao supermercado comprar frutas.,Ele foi ao mercado comprar frutas.,6,6
103,Ela comprou um bilhete para o concerto.,Ela comprou um ingresso para o show.,7,7
104,Vou tomar um duche antes de sair.,Vou tomar um banho antes de sair.,7,7
105,O carro ficou sem gasolina na autoestrada.,O carro ficou sem gasolina na estrada.,7,7
106,Ela vai ao cabeleireiro cortar o cabelo amanhã.,Ela vai ao salão cortar o cabelo amanhã.,8,8
107,Ela pediu um café e um pastel de nata.,Ela pediu um café e um pastel.,9,7
108,Ela adormeceu no sofá a ver televisão.,Ela dormiu no sofá assistindo televisão.,7,6
109,O restaurante serve pratos típicos da cozinha portuguesa.,O restaurante serve pratos típicos da culinária brasileira.,8,8
110,Vou preparar um bolo de chocolate para o lanche.,Vou fazer um bolo de chocolate para o lanche.,9,9
111,O filme que vimos ontem foi muito emocionante.,O filme que assistimos ontem foi muito emocionante.,8,8
112,Amanhã temos de acordar cedo para a viagem.,Amanhã precisamos acordar cedo para a viagem.,8,7
113,Vou enviar uma mensagem ao meu chefe agora.,Vou mandar uma mensagem para o meu chefe agora.,8,9
114,"A viagem de carro até ao Porto foi longa, mas valeu a pena porque a paisagem era absolutamente deslumbrante.","A viagem de carro até o Porto foi longa, mas valeu a pena porque a paisagem era absolutamente deslumbrante.",19,19
115,"Amanhã à tarde, vou levar o carro à oficina para fazer a revisão antes da viagem longa.","Amanhã à tarde, vou levar o carro na oficina para fazer a revisão antes da viagem longa.",17,17
116,"O João decidiu inscrever-se num curso de fotografia, porque sempre teve interesse em aprender a tirar boas fotografias.","O João decidiu se inscrever em um curso de fotografia, porque sempre teve interesse em aprender a tirar boas fotos.",18,20
117,"A biblioteca municipal, que foi renovada recentemente, tem agora um espaço dedicado às crianças com muitos livros e jogos.","A biblioteca municipal, que foi reformada recentemente, agora tem um espaço dedicado às crianças com muitos livros e jogos.",19,19
118,"Apesar de estar muito cansado, ele decidiu ficar até ao final da festa para se despedir de todos.","Apesar de estar muito cansado, ele decidiu ficar até o final da festa para se despedir de todos.",18,18
119,O concerto foi tão emocionante que o público não parava de aplaudir mesmo depois do final.,O show foi tão emocionante que o público não parava de aplaudir mesmo depois do final.,16,16
120,"A exposição de arte contemporânea, que foi inaugurada ontem, estará aberta ao público durante todo o mês.","A exposição de arte contemporânea, que foi inaugurada ontem, ficará aberta ao público durante todo o mês.",17,17
121,"A nova exposição no museu, que inclui obras de artistas contemporâneos, estará aberta ao público até ao final do mês.","A nova exposição no museu, que inclui obras de artistas contemporâneos, ficará aberta ao público até o final do mês.",20,20
122,"A nova exposição de fotografia, que foi inaugurada ontem, está a atrair muitos visitantes de várias cidades.","A nova exposição de fotografia, que foi inaugurada ontem, está atraindo muitos visitantes de várias cidades.",17,16
123,"Quando saí de casa esta manhã, reparei que o meu vizinho estava a plantar flores no jardim dele.","Quando saí de casa hoje de manhã, percebi que meu vizinho estava plantando flores no jardim dele.",18,17
124,"O João disse que vai passar o fim de semana na casa dos avós, que moram numa aldeia perto da serra.","O João disse que vai passar o fim de semana na casa dos avós, que moram em um sítio perto da serra.",21,22
125,"A Maria disse que vai passar o fim de semana na casa da prima, que vive numa aldeia no interior.","A Maria disse que vai passar o fim de semana na casa da prima, que mora em uma cidadezinha no interior.",20,21
126,A Joana contou-me que vai viajar para o Algarve no próximo mês para visitar os avós e descansar.,A Joana me contou que vai viajar para o Nordeste no próximo mês para visitar os avós e descansar.,18,19
127,A Joana contou-me que vai ao médico amanhã de manhã porque tem sentido dores nas costas há dias.,A Joana me contou que vai ao médico amanhã de manhã porque tem sentido dores nas costas há dias.,18,19
128,"Amanhã, antes de irmos ao cinema, podemos passar pela livraria para comprar aquele livro que tanto queres.","Amanhã, antes de irmos ao cinema, podemos passar na livraria para comprar aquele livro que você tanto quer.",17,18
129,"Se continuares a deixar a janela aberta à noite, vais acabar por apanhar uma constipação com este frio.","Se você continuar deixando a janela aberta à noite, vai acabar pegando um resfriado com esse frio.",18,17
130,"Se continuares a deixar as luzes acesas durante a noite, a conta da eletricidade vai ficar muito mais cara este mês.","Se você continuar deixando as luzes acesas durante a noite, a conta de luz vai ficar muito mais cara este mês.",21,21
131,Vou levar o lixo ao contentor lá fora.,Vou levar o lixo para a lixeira lá fora.,8,9
132,A ementa do restaurante tem pratos muito variados.,O cardápio do restaurante tem pratos bem variados.,8,8
133,Amanhã vamos visitar os avós no campo.,Amanhã vamos visitar os avós no interior.,7,7
134,Vou pedir um café e um pastel de nata.,Vou pedir um café e um pão de queijo.,9,9
135,"O restaurante estava cheio, tivemos de esperar.","O restaurante estava lotado, tivemos que esperar.",7,7
136,Vamos fazer um piquenique no parque este fim de semana.,Vamos fazer um piquenique no parque neste fim de semana.,10,10
137,Vamos ao cinema ver aquele filme novo.,Vamos ao cinema assistir àquele filme novo.,7,7
138,Vamos ao jardim passear e aproveitar o bom tempo.,Vamos ao parque passear e aproveitar o bom tempo.,9,9
139,"Podes emprestar-me uma caneta, por favor?","Você pode me emprestar uma caneta, por favor?",6,8
140,Ela adora passear de bicicleta ao fim de semana.,Ela adora andar de bicicleta no fim de semana.,9,9
141,Podes ajudar-me a carregar estas malas?,Você pode me ajudar a carregar essas malas?,6,8
142,"Podes trazer-me um copo de água, por favor?","Você pode me trazer um copo d'água, por favor?",8,9
143,Vou ligar-te assim que chegar a casa.,Vou te ligar assim que chegar em casa.,7,8
144,Vou fazer uma pausa para beber água.,Vou dar uma pausa para beber água.,7,7
145,A aula de hoje foi muito interessante e produtiva.,A aula de hoje foi bem interessante e produtiva.,9,9
146,O Pedro está a aprender a tocar guitarra.,O Pedro está aprendendo a tocar violão.,8,7
147,A Maria está a organizar uma festa de aniversário.,A Maria está organizando uma festa de aniversário.,9,8
148,O café da esquina tem os melhores bolos de chocolate.,A padaria da esquina tem os melhores bolos de chocolate.,10,10
149,Queres ir ao cinema esta noite?,Você quer ir ao cinema hoje à noite?,6,8
150,O trânsito está caótico por causa do acidente.,O trânsito está um caos por causa do acidente.,8,9
151,Amanhã temos de limpar o jardim e cortar a relva.,Amanhã precisamos limpar o quintal e cortar a grama.,10,9
152,O Pedro foi ao ginásio depois do trabalho.,O Pedro foi para a academia depois do trabalho.,8,9
153,Ela adora beber chá ao final da tarde.,Ela adora tomar chá no fim da tarde.,8,8
154,"A Ana acordou cedo e foi à padaria. Comprou pão fresco e um bolo para o pequeno-almoço. No caminho de volta, encontrou uma amiga e ficaram a conversar. Quando chegou a casa, o café já estava pronto e sentaram-se todos à mesa.","A Ana acordou cedo e foi à padaria. Comprou pão fresquinho e um bolo para o café da manhã. No caminho de volta, encontrou uma amiga e ficaram conversando. Quando chegou em casa, o café já estava pronto e todos se sentaram à mesa.",42,44
155,"O Miguel decidiu fazer uma surpresa à irmã no aniversário. Comprou-lhe um bolo de chocolate e decorou a sala com balões. Quando ela chegou a casa, ficou emocionada ao ver tudo preparado. Passaram a noite a celebrar com amigos e família.","O Miguel decidiu fazer uma surpresa para a irmã no aniversário. Ele comprou um bolo de chocolate e decorou a sala com balões. Quando ela chegou em casa, ficou emocionada ao ver tudo pronto. Eles passaram a noite comemorando com amigos e família.",41,43
156,"A Sofia foi ao mercado comprar legumes frescos para o jantar. Escolheu cenouras, batatas e espinafres, e ainda comprou um ramo de flores. Quando chegou a casa, começou a cozinhar uma sopa deliciosa. O aroma espalhou-se por toda a casa.","A Sofia foi ao mercado comprar legumes frescos para o jantar. Ela escolheu cenouras, batatas e espinafre, e ainda comprou um buquê de flores. Quando chegou em casa, começou a preparar uma sopa deliciosa. O cheiro se espalhou por toda a casa.",40,42
157,"O Tiago e os amigos decidiram fazer uma caminhada na serra. O dia estava ensolarado e o ar fresco era revigorante. No topo da montanha, tiraram fotografias e comeram sandes. Voltaram para casa cansados, mas felizes com a aventura.","O Tiago e os amigos decidiram fazer uma trilha na serra. O dia estava ensolarado e o ar fresco era revigorante. No topo da montanha, tiraram fotos e comeram sanduíches. Voltaram para casa cansados, mas felizes com a aventura.",39,39
158,"A Inês encontrou um gatinho abandonado no jardim. Decidiu levá-lo para casa e dar-lhe comida. O pequeno animal parecia muito assustado, mas logo começou a ronronar. Agora, ele já faz parte da família e tem até um nome: Bolinha.","A Inês encontrou um gatinho abandonado no jardim. Ela decidiu levá-lo para casa e dar comida. O pequeno animal parecia muito assustado, mas logo começou a ronronar. Agora ele já faz parte da família e até ganhou um nome: Bolinha.",39,40
159,"O Rui decidiu plantar um pequeno jardim no quintal. Comprou sementes de flores e ervas aromáticas na loja. Passou a tarde a preparar a terra e a regar as plantas. Agora, todos os dias, cuida do jardim e já vê os primeiros rebentos.","O Rui decidiu plantar um pequeno jardim no quintal. Ele comprou sementes de flores e ervas na loja. Passou a tarde preparando a terra e regando as plantas. Agora, todos os dias, cuida do jardim e já vê os primeiros brotos.",43,41
160,"O Tomás encontrou um livro antigo na biblioteca da escola. A capa estava gasta, mas a história parecia interessante. Ele começou a ler e não conseguiu parar até terminar. No dia seguinte, recomendou o livro a todos os amigos.","O Tomás encontrou um livro antigo na biblioteca da escola. A capa estava desgastada, mas a história parecia interessante. Ele começou a ler e não conseguiu parar até terminar. No dia seguinte, recomendou o livro para todos os amigos.",39,39
161,"A Catarina decidiu experimentar uma nova receita de bolo de cenoura. Seguiu todos os passos com cuidado e colocou o bolo no forno. Quando o tirou, estava perfeito e com um cheiro delicioso. A família adorou e pediu para ela fazer mais vezes.","A Catarina decidiu testar uma nova receita de bolo de cenoura. Ela seguiu todos os passos com atenção e colocou o bolo no forno. Quando tirou, estava perfeito e com um cheiro maravilhoso. A família adorou e pediu para ela fazer mais vezes.",43,43
162,"O André foi ao parque com o seu cão, o Max. Enquanto o Max corria atrás da bola, o André lia um livro. De repente, o cão voltou com um chapéu na boca. Um senhor agradeceu ao André por o ter encontrado.","O André foi ao parque com seu cachorro, o Max. Enquanto o Max corria atrás da bola, o André lia um livro. De repente, o cachorro voltou com um chapéu na boca. Um senhor agradeceu ao André por tê-lo encontrado.",42,40
163,"A Mariana passou a manhã a organizar a sua estante de livros. Separou os romances das biografias e limpou o pó das prateleiras. No final, ficou satisfeita com o resultado e tirou uma fotografia. Agora, a estante está impecável e cheia de cor.","A Mariana passou a manhã organizando sua estante de livros. Ela separou os romances das biografias e limpou o pó das prateleiras. No final, ficou satisfeita com o resultado e tirou uma foto. Agora, a estante está impecável e cheia de cores.",43,42
164,"O Diogo foi ao mercado comprar ingredientes para o jantar. Escolheu os melhores legumes e um bom pedaço de carne. Quando chegou a casa, começou a cozinhar e o cheiro espalhou-se pela cozinha. O jantar foi um sucesso e todos elogiaram a comida.","O Diogo foi ao mercado comprar ingredientes para o jantar. Ele escolheu os melhores legumes e um bom pedaço de carne. Quando chegou em casa, começou a cozinhar e o cheiro tomou conta da cozinha. O jantar foi um sucesso e todos elogiaram a comida.",43,45
165,"A Sara decidiu aprender a tocar piano. Inscreveu-se numa escola de música e começou as aulas. No início, teve dificuldade em tocar as notas certas, mas não desistiu. Agora, já consegue tocar as suas músicas favoritas com facilidade.","A Sara decidiu aprender a tocar piano. Ela se matriculou em uma escola de música e começou as aulas. No início, teve dificuldade em acertar as notas, mas não desistiu. Agora, já consegue tocar suas músicas favoritas com facilidade.",38,39
166,"O Luís e a Clara foram acampar no fim de semana. Montaram a tenda perto de um rio e fizeram uma fogueira. À noite, contaram histórias e observaram as estrelas. Foi uma experiência inesquecível para os dois.","O Luís e a Clara foram acampar no fim de semana. Eles montaram a barraca perto de um rio e fizeram uma fogueira. À noite, contaram histórias e observaram as estrelas. Foi uma experiência inesquecível para os dois.",37,38
167,"O Francisco encontrou uma bicicleta antiga no sótão da avó. Decidiu restaurá-la e passou dias a limpá-la e a pintá-la. Quando terminou, a bicicleta parecia nova e ele foi dar uma volta. Sentiu-se muito orgulhoso do seu trabalho.","O Francisco encontrou uma bicicleta antiga no sótão da avó. Ele decidiu restaurá-la e passou dias limpando e pintando. Quando terminou, a bicicleta parecia nova e ele saiu para dar uma volta. Ficou muito orgulhoso do seu trabalho.",38,38
168,"A Catarina passou a tarde a pintar um quadro para a sala. Escolheu cores vivas e desenhou um campo cheio de flores. Quando terminou, pendurou o quadro na parede e ficou a admirar o seu trabalho. Todos elogiaram o talento dela.","A Catarina passou a tarde pintando um quadro para a sala. Ela escolheu cores vibrantes e desenhou um campo cheio de flores. Quando terminou, pendurou o quadro na parede e ficou admirando seu trabalho. Todos elogiaram o talento dela.",41,39
169,O Miguel decidiu fazer uma surpresa para os pais. Preparou o pequeno-almoço e levou-o para a cama deles. Eles ficaram muito felizes e agradeceram-lhe com um grande abraço. Foi um início de dia cheio de sorrisos e alegria.,O Miguel decidiu fazer uma surpresa para os pais. Ele preparou o café da manhã e levou para eles na cama. Eles ficaram muito felizes e o agradeceram com um grande abraço. Foi um começo de dia cheio de sorrisos e alegria.,38,42
170,A Inês encontrou um álbum de fotografias antigas no sótão. Passou horas a olhar para as imagens e a recordar momentos felizes. Algumas fotografias eram dos avós quando eram jovens. Decidiu digitalizá-las para as guardar com mais segurança.,A Inês encontrou um álbum de fotos antigas no sótão. Ela passou horas olhando as imagens e relembrando momentos felizes. Algumas fotos eram dos avós quando eram jovens. Ela decidiu digitalizá-las para guardá-las com mais segurança.,38,36
171,"A Rita foi ao mercado de Natal com os amigos. Comprou decorações para a árvore e provou um bolo típico. Depois, tiraram fotografias junto às luzes e às barracas decoradas. Foi uma noite mágica que ela nunca vai esquecer.","A Rita foi à feira de Natal com os amigos. Ela comprou enfeites para a árvore e experimentou um bolo típico. Depois, tiraram fotos perto das luzes e das barracas decoradas. Foi uma noite mágica que ela nunca vai esquecer.",39,40
172,"O Tomás decidiu fazer uma caminhada pela floresta. Levou uma mochila com água e um lanche para o caminho. Durante o passeio, encontrou um pequeno riacho e parou para descansar. O som da água a correr deixou-o relaxado e em paz.","O Tomás decidiu fazer uma trilha pela floresta. Ele levou uma mochila com água e um lanche para o caminho. Durante o passeio, encontrou um pequeno riacho e parou para descansar. O som da água correndo o deixou relaxado e em paz.",41,42
173,"A Beatriz passou a tarde a fazer um puzzle de mil peças. No início, parecia impossível, mas aos poucos foi ganhando forma. Quando finalmente terminou, ficou muito orgulhosa do resultado. Decidiu emoldurar o puzzle e pendurá-lo na parede do quarto.","A Beatriz passou a tarde montando um quebra-cabeça de mil peças. No começo, parecia impossível, mas aos poucos ele foi tomando forma. Quando finalmente terminou, ficou muito orgulhosa do resultado. Decidiu emoldurar o quebra-cabeça e pendurá-lo na parede do quarto.",40,40
174,"O Ricardo e a família foram passar o dia no campo. Levaram uma cesta cheia de comida para fazer um piquenique. As crianças brincaram à apanhada enquanto os adultos conversavam. Antes de irem embora, tiraram uma fotografia de grupo junto ao lago.","O Ricardo e a família foram passar o dia no campo. Eles levaram uma cesta cheia de comida para fazer um piquenique. As crianças brincaram de pega-pega enquanto os adultos conversavam. Antes de irem embora, tiraram uma foto em grupo perto do lago.",42,43
175,"O António passou horas a tentar montar um móvel novo. Seguiu as instruções, mas algumas peças não encaixavam bem. Depois de muito esforço, conseguiu terminar e ficou satisfeito. Agora, o móvel está na sala e é o seu orgulho.","O António passou horas tentando montar um móvel novo. Ele seguiu as instruções, mas algumas peças não encaixavam direito. Depois de muito esforço, conseguiu terminar e ficou satisfeito. Agora, o móvel está na sala e é o seu orgulho.",39,39
176,"A Marta decidiu fazer uma limpeza geral no seu quarto. Começou por arrumar as roupas e depois limpou o pó dos móveis. Encontrou uma caixa com fotografias antigas e passou horas a revê-las. No final, o quarto estava impecável e ela sentia-se realizada.","A Marta decidiu fazer uma faxina geral no quarto. Começou organizando as roupas e depois limpou o pó dos móveis. Encontrou uma caixa com fotos antigas e passou horas olhando para elas. No final, o quarto estava impecável e ela se sentiu realizada.",43,43
177,"O Tiago e o seu pai decidiram construir uma casota para o cão. Foram à loja comprar madeira e ferramentas. Passaram o dia a serrar, pregar e pintar. Quando terminaram, o cão entrou na casota e parecia muito feliz.","O Tiago e o pai dele decidiram construir uma casinha para o cachorro. Eles foram à loja comprar madeira e ferramentas. Passaram o dia cortando, pregando e pintando. Quando terminaram, o cachorro entrou na casinha e parecia muito feliz.",39,39
178,"A Ana e o João foram ao mercado de rua no sábado de manhã. Compraram frutas frescas, legumes e até flores para a sala. Depois, pararam numa banca para comer pastéis de nata. Foi um passeio agradável e voltaram para casa com sacos cheios.","A Ana e o João foram à feira no sábado de manhã. Eles compraram frutas frescas, legumes e até flores para a sala. Depois, pararam em uma barraca para comer pastel. Foi um passeio agradável e voltaram para casa com as sacolas cheias.",44,43
179,"A Sofia e os amigos organizaram uma noite de jogos em casa. Jogaram cartas, tabuleiro e até fizeram um quiz divertido. Entre risos e brincadeiras, a noite passou num instante. No final, combinaram repetir a noite na semana seguinte.","A Sofia e os amigos organizaram uma noite de jogos em casa. Eles jogaram cartas, tabuleiro e até fizeram um quiz divertido. Entre risadas e brincadeiras, a noite passou voando. No final, combinaram repetir a noite na semana seguinte.",39,39
180,"O Manuel decidiu fazer pão caseiro pela primeira vez. Misturou os ingredientes, amassou a massa e deixou-a a levedar. Depois de algumas horas, colocou o pão no forno e esperou ansiosamente. O cheiro espalhou-se pela casa e o resultado foi delicioso.","O Manuel decidiu fazer pão caseiro pela primeira vez. Ele misturou os ingredientes, amassou a massa e deixou-a crescer. Depois de algumas horas, colocou o pão no forno e esperou ansiosamente. O cheiro tomou conta da casa e o resultado ficou delicioso.",41,42
181,"A Clara e o Miguel foram ao parque para andar de bicicleta. O dia estava ensolarado e o vento era agradável. Depois de algumas voltas, pararam para descansar e comer um gelado. Foi uma tarde divertida e cheia de risos.","A Clara e o Miguel foram ao parque para andar de bicicleta. O dia estava ensolarado e o vento era refrescante. Depois de algumas voltas, eles pararam para descansar e tomar um sorvete. Foi uma tarde divertida e cheia de risadas.",40,41
182,"O Ricardo e os amigos decidiram fazer um churrasco no quintal. Compraram carne, pão e bebidas no supermercado. Enquanto o Ricardo preparava a grelha, os outros montavam a mesa. A comida ficou deliciosa e a noite foi cheia de conversas e música.","O Ricardo e os amigos decidiram fazer um churrasco no quintal. Eles compraram carne, pão e bebidas no mercado. Enquanto o Ricardo preparava a churrasqueira, os outros arrumavam a mesa. A comida ficou deliciosa e a noite foi cheia de conversas e música.",42,43
183,"O Luís passou a manhã a pescar no rio perto de casa. Levou a sua cana de pesca e um balde para guardar os peixes. Depois de algumas horas, conseguiu apanhar dois peixes grandes. Voltou para casa satisfeito e preparou um almoço delicioso.","O Luís passou a manhã pescando no rio perto de casa. Ele levou sua vara de pesca e um balde para guardar os peixes. Depois de algumas horas, conseguiu pegar dois peixes grandes. Voltou para casa satisfeito e preparou um almoço delicioso.",43,42
184,"A Rita decidiu fazer uma caminhada pela montanha com o irmão. O caminho era íngreme, mas a vista no topo era incrível. Tiraram várias fotografias e descansaram à sombra de uma árvore. Foi um dia inesquecível para os dois.","A Rita decidiu fazer uma trilha na montanha com o irmão. O caminho era íngreme, mas a vista do topo era incrível. Eles tiraram várias fotos e descansaram à sombra de uma árvore. Foi um dia inesquecível para os dois.",39,40
185,"A Mariana passou a manhã a organizar uma festa surpresa para o irmão. Decorou a sala com balões e preparou um bolo de chocolate. Quando ele chegou, todos gritaram 'surpresa' e começaram a cantar os parabéns. Foi um dia cheio de alegria e risos.","A Mariana passou a manhã organizando uma festa surpresa para o irmão. Ela decorou a sala com balões e preparou um bolo de chocolate. Quando ele chegou, todos gritaram 'surpresa' e começaram a cantar parabéns. Foi um dia cheio de alegria e risadas.",44,43
186,"O Francisco decidiu passar a tarde a aprender a cozinhar. Escolheu uma receita de lasanha e começou a preparar os ingredientes. Apesar de alguns erros, o prato ficou delicioso. A família adorou e pediu para ele cozinhar mais vezes.","O Francisco decidiu passar a tarde aprendendo a cozinhar. Ele escolheu uma receita de lasanha e começou a preparar os ingredientes. Apesar de alguns erros, o prato ficou delicioso. A família adorou e pediu para ele cozinhar mais vezes.",39,39
187,"A Matilde foi ao parque com o seu cão, o Max. Enquanto ele corria atrás de uma bola, ela lia um livro. De repente, Max começou a ladrar para um esquilo numa árvore. Matilde riu-se e chamou-o de volta para continuar a brincadeira.","A Matilde foi ao parque com seu cachorro, o Max. Enquanto ele corria atrás de uma bola, ela lia um livro. De repente, Max começou a latir para um esquilo em uma árvore. Matilde riu e o chamou de volta para continuar a brincadeira.",43,44
188,"A Clara decidiu plantar um pequeno jardim na varanda. Comprou vasos, terra e sementes de flores coloridas. Passou a tarde a plantar e a regar as sementes com cuidado. Agora, todos os dias, ela verifica o crescimento das plantas com entusiasmo.","A Clara decidiu montar um pequeno jardim na varanda. Ela comprou vasos, terra e sementes de flores coloridas. Passou a tarde plantando e regando as sementes com cuidado. Agora, todos os dias, ela observa o crescimento das plantas com entusiasmo.",41,40
189,"O Rui e os amigos foram jogar ténis no clube desportivo. Dividiram-se em duplas e jogaram durante duas horas. Depois, sentaram-se na esplanada para beber limonada e conversar. Foi uma tarde divertida e cheia de competição saudável.","O Rui e os amigos foram jogar tênis no clube esportivo. Eles se dividiram em duplas e jogaram por duas horas. Depois, sentaram-se na área externa para tomar limonada e conversar. Foi uma tarde divertida e cheia de competição saudável.",37,40
190,"A Leonor foi à biblioteca procurar um livro para o trabalho da escola. Depois de procurar durante algum tempo, encontrou exatamente o que precisava. Passou o resto do dia a ler e a tirar apontamentos.","A Leonor foi à biblioteca procurar um livro para o trabalho da escola. Depois de procurar por um tempo, encontrou exatamente o que precisava. Passou o resto do dia lendo e fazendo anotações.",35,33
191,"O André passou o dia a pintar o quarto de azul. No início, teve dificuldade em escolher a cor certa, mas acabou por ficar satisfeito com o resultado. Agora, o quarto parece mais espaçoso e acolhedor.","O André passou o dia pintando o quarto de azul. No começo, teve dificuldade para escolher a cor certa, mas acabou ficando satisfeito com o resultado. Agora, o quarto parece mais espaçoso e aconchegante.",36,34
192,"Durante o almoço de domingo, o Tiago contou uma história engraçada sobre o seu cão. Toda a família riu-se e a avó até deixou cair o guardanapo de tanto rir. Foi um momento muito divertido.","Durante o almoço de domingo, o Tiago contou uma história engraçada sobre o cachorro dele. Toda a família riu, e a avó até deixou o guardanapo cair de tanto rir. Foi um momento muito divertido.",35,35
193,"A Beatriz inscreveu-se numa aula de cerâmica para aprender algo novo. No primeiro dia, moldou um pequeno vaso e pintou-o de azul. Ficou tão contente com o resultado que decidiu oferecer o vaso à avó.","A Beatriz se inscreveu em uma aula de cerâmica para aprender algo novo. No primeiro dia, modelou um pequeno vaso e o pintou de azul. Ficou tão feliz com o resultado que decidiu dar o vaso de presente para a avó.",35,41
194,"O Diogo e a Inês foram ao mercado de Natal no centro da cidade. Compraram castanhas assadas e um chocolate quente para se aquecerem. Depois, passearam pelas bancas e compraram decorações para a árvore de Natal.","O Diogo e a Inês foram à feira de Natal no centro da cidade. Compraram castanhas assadas e um chocolate quente para se aquecerem. Depois, passearam pelas barracas e compraram enfeites para a árvore de Natal.",36,36
195,"A Carolina foi passear com o cão ao parque. Enquanto ele corria atrás de uma bola, ela aproveitou para ler um livro. O dia estava tão agradável que acabaram por ficar lá até ao pôr do sol.","A Carolina foi passear com o cachorro no parque. Enquanto ele corria atrás de uma bola, ela aproveitou para ler um livro. O dia estava tão agradável que acabaram ficando lá até o pôr do sol.",37,36
196,"A Sara foi à biblioteca procurar um livro sobre astronomia. Depois de algum tempo a explorar as prateleiras, encontrou exatamente o que queria. Passou o resto do dia a ler e a aprender sobre as estrelas.","A Sara foi à biblioteca procurar um livro sobre astronomia. Depois de um tempo explorando as prateleiras, encontrou exatamente o que queria. Passou o resto do dia lendo e aprendendo sobre as estrelas.",36,33
197,"A Marta decidiu fazer um bolo de chocolate para o aniversário da irmã. Passou a tarde na cozinha a misturar os ingredientes e a decorar o bolo. Quando o apresentou, todos ficaram impressionados com o resultado.","A Marta decidiu fazer um bolo de chocolate para o aniversário da irmã. Passou a tarde na cozinha misturando os ingredientes e decorando o bolo. Quando o serviu, todos ficaram impressionados com o resultado.",36,34
198,"Durante a viagem de carro, a Inês e o Tiago cantaram as suas músicas favoritas. O tempo passou a voar e, antes que dessem conta, já tinham chegado ao destino. Foi uma viagem cheia de risos e boa disposição.","Durante a viagem de carro, a Inês e o Tiago cantaram suas músicas favoritas. O tempo passou voando e, antes que percebessem, já tinham chegado ao destino. Foi uma viagem cheia de risadas e alegria.",39,35
199,"A Carolina e a amiga foram a uma feira de artesanato no centro da cidade. Compraram pulseiras feitas à mão e provaram doces típicos. No final, tiraram uma fotografia junto a um artista de rua.","A Carolina e a amiga foram a uma feira de artesanato no centro da cidade. Compraram pulseiras feitas à mão e provaram doces típicos. No final, tiraram uma foto com um artista de rua.",35,34
200,"A Matilde inscreveu-se numa aula de cerâmica para aprender algo novo. No início, teve dificuldade em moldar o barro, mas com paciência conseguiu fazer um pequeno vaso. Saiu da aula muito orgulhosa do seu trabalho.","A Matilde se inscreveu em uma aula de cerâmica para aprender algo novo. No começo, teve dificuldade em moldar o barro, mas com paciência conseguiu fazer um pequeno vaso. Saiu da aula muito orgulhosa do seu trabalho.",35,37
201,Decidi começar a ler um novo livro que comprei na livraria no fim de semana passado.,Decidi começar a ler um novo livro que comprei na livraria no fim de semana passado.,16,16
202,Hoje à tarde vou ao supermercado comprar ingredientes para preparar um jantar especial para a família.,Hoje à tarde vou ao supermercado comprar ingredientes para preparar um jantar especial para a família.,16,16
203,Decidi organizar o meu quarto hoje e encontrei várias coisas que já nem me lembrava que tinha.,Decidi organizar o meu quarto hoje e encontrei várias coisas que já nem me lembrava que tinha.,17,17
204,Hoje à tarde vou ao centro da cidade para comprar um presente de aniversário para o meu amigo.,Hoje à tarde vou ao centro da cidade para comprar um presente de aniversário para o meu amigo.,18,18
205,Decidi experimentar uma nova receita de massa com molho de tomate e manjericão para o jantar.,Decidi experimentar uma nova receita de massa com molho de tomate e manjericão para o jantar.,16,16
206,Decidi comprar um presente especial para o aniversário da minha mãe que é já na próxima semana.,Decidi comprar um presente especial para o aniversário da minha mãe que é já na próxima semana.,17,17
207,Hoje de manhã fui à feira comprar frutas frescas e legumes para preparar um almoço saudável em casa.,Hoje de manhã fui à feira comprar frutas frescas e legumes para preparar um almoço saudável em casa.,18,18
208,Decidi começar a fazer aulas de culinária para aprender a preparar pratos diferentes e mais saudáveis.,Decidi começar a fazer aulas de culinária para aprender a preparar pratos diferentes e mais saudáveis.,16,16
209,Hoje de manhã fui à padaria comprar pão fresco e aproveitei para tomar um café com leite quente.,Hoje de manhã fui à padaria comprar pão fresco e aproveitei para tomar um café com leite quente.,18,18
210,"Decidimos fazer uma caminhada pela serra no próximo fim de semana, se o tempo estiver bom.","Decidimos fazer uma caminhada pela serra no próximo fim de semana, se o tempo estiver bom.",16,16
211,Decidimos pintar as paredes da sala de estar para dar um novo visual à casa toda.,Decidimos pintar as paredes da sala de estar para dar um novo visual à casa toda.,16,16
212,Decidimos ir ao mercado local para comprar frutas frescas e legumes para o almoço de domingo.,Decidimos ir ao mercado local para comprar frutas frescas e legumes para o almoço de domingo.,16,16
213,Decidimos ir ao cinema no sábado à noite para ver o novo filme de ação que estreou.,Decidimos ir ao cinema no sábado à noite para ver o novo filme de ação que estreou.,17,17
214,Decidimos visitar um castelo antigo no fim de semana para aprender mais sobre a história local.,Decidimos visitar um castelo antigo no fim de semana para aprender mais sobre a história local.,16,16
215,Decidimos fazer uma surpresa para o nosso amigo e levá-lo a um restaurante que ele adora.,Decidimos fazer uma surpresa para o nosso amigo e levá-lo a um restaurante que ele adora.,16,16
216,Decidimos visitar um museu de arte moderna no centro da cidade no próximo sábado à tarde.,Decidimos visitar um museu de arte moderna no centro da cidade no próximo sábado à tarde.,16,16
217,Decidimos passar o fim de semana no campo para relaxar e aproveitar a tranquilidade da natureza.,Decidimos passar o fim de semana no campo para relaxar e aproveitar a tranquilidade da natureza.,16,16
218,Decidimos passar o fim de semana na praia para aproveitar o sol e relaxar com a família.,Decidimos passar o fim de semana na praia para aproveitar o sol e relaxar com a família.,17,17
219,Decidimos pintar as paredes da sala de estar de azul claro para dar um ar mais fresco.,Decidimos pintar as paredes da sala de estar de azul claro para dar um ar mais fresco.,17,17
220,Vou precisar de comprar um novo casaco de inverno porque o meu já está muito velho.,Vou precisar de comprar um novo casaco de inverno porque o meu já está muito velho.,16,16
221,Os alunos estavam muito entusiasmados com a visita de estudo ao museu de história natural da cidade.,Os alunos estavam muito entusiasmados com a visita de estudo ao museu de história natural da cidade.,17,17
222,Os trabalhadores estão a terminar a construção da nova ponte que liga as duas cidades vizinhas.,Os trabalhadores estão a terminar a construção da nova ponte que liga as duas cidades vizinhas.,16,16
223,Os meus amigos e eu estamos a planear uma viagem de carro para explorar o interior do país.,Os meus amigos e eu estamos a planear uma viagem de carro para explorar o interior do país.,18,18
224,Os meus pais decidiram fazer uma pequena reforma na cozinha para torná-la mais moderna e funcional.,Os meus pais decidiram fazer uma pequena reforma na cozinha para torná-la mais moderna e funcional.,16,16
225,Os alunos da escola primária participaram numa campanha de limpeza da praia para proteger o ambiente.,Os alunos da escola primária participaram numa campanha de limpeza da praia para proteger o ambiente.,16,16
226,Os trabalhadores estão a construir um novo parque infantil no bairro para as crianças brincarem em segurança.,Os trabalhadores estão a construir um novo parque infantil no bairro para as crianças brincarem em segurança.,17,17
227,"No verão, gosto de ir à praia e aproveitar o sol enquanto leio um bom livro.","No verão, gosto de ir à praia e aproveitar o sol enquanto leio um bom livro.",16,16
228,A biblioteca da cidade tem um acervo incrível de livros antigos e raros para consulta gratuita.,A biblioteca da cidade tem um acervo incrível de livros antigos e raros para consulta gratuita.,16,16
229,Decidimos jantar sushi hoje à noite para celebrar o aniversário.,Decidimos jantar sushi hoje à noite para celebrar o aniversário.,10,10
230,Vou arrumar o quarto antes de sair.,Vou arrumar o quarto antes de sair.,7,7
231,Vamos sair para jantar fora esta noite.,Vamos sair para jantar fora esta noite.,7,7
232,Vamos fazer um piquenique no parque amanhã.,Vamos fazer um piquenique no parque amanhã.,7,7
233,Vamos visitar os avós no próximo fim de semana.,Vamos visitar os avós no próximo fim de semana.,9,9
234,Vamos sair cedo para evitar o trânsito na estrada.,Vamos sair cedo para evitar o trânsito na estrada.,9,9
235,Vou tomar um café antes de começar a trabalhar.,Vou tomar um café antes de começar a trabalhar.,9,9
236,Ela pediu um café e um bolo de chocolate.,Ela pediu um café e um bolo de chocolate.,9,9
237,O vento está muito forte hoje à tarde.,O vento está muito forte hoje à tarde.,8,8
238,Eles decidiram passar o fim de semana na praia.,Eles decidiram passar o fim de semana na praia.,9,9
239,Ele gosta de ler livros antes de dormir.,Ele gosta de ler livros antes de dormir.,8,8
240,A praia estava cheia de turistas no fim de semana.,A praia estava cheia de turistas no fim de semana.,10,10
241,Eles foram ao mercado comprar legumes frescos.,Eles foram ao mercado comprar legumes frescos.,7,7
242,Eles foram ao mercado comprar pão e leite.,Eles foram ao mercado comprar pão e leite.,8,8
243,Eles decidiram pintar a sala de uma cor diferente.,Eles decidiram pintar a sala de uma cor diferente.,9,9
244,Ele gosta de correr no parque todas as manhãs.,Ele gosta de correr no parque todas as manhãs.,9,9
245,O jogo de futebol foi adiado por causa da chuva.,O jogo de futebol foi adiado por causa da chuva.,10,10
246,"Amanhã à tarde, vou levar o carro à oficina para fazer a revisão e verificar os travões.","Amanhã à tarde, vou levar o carro na oficina para fazer a revisão e verificar os freios.",17,17
247,"Enquanto passeava pelo jardim, reparei que algumas flores começaram a desabrochar com a chegada da primavera.","Enquanto caminhava pelo jardim, percebi que algumas flores começaram a desabrochar com a chegada da primavera.",16,16
248,"Enquanto caminhava pela floresta, ouvi o som de pássaros a cantar e o vento a soprar nas árvores.","Enquanto caminhava pela floresta, ouvi o som dos pássaros cantando e o vento soprando nas árvores.",18,16
249,"Enquanto caminhava pelo parque, vi um grupo de crianças a brincar e a correr atrás de um cãozinho.","Enquanto caminhava pelo parque, vi um grupo de crianças brincando e correndo atrás de um cachorrinho.",18,16
250,"Enquanto passeava pelo parque, vi um grupo de jovens a jogar futebol e a rir-se muito.","Enquanto caminhava pelo parque, vi um grupo de jovens jogando futebol e rindo bastante.",16,14
251,"Enquanto esperávamos pelo autocarro, começou a chover e tivemos de nos abrigar debaixo de uma árvore.","Enquanto esperávamos pelo ônibus, começou a chover e tivemos que nos abrigar debaixo de uma árvore.",16,16
252,"Amanhã, antes de sairmos para o aeroporto, temos de confirmar se os bilhetes estão todos impressos e prontos.","Amanhã, antes de sairmos para o aeroporto, precisamos confirmar se as passagens estão todas impressas e prontas.",18,17
253,"A apresentação foi adiada para a próxima semana, porque o projetor da sala de reuniões está avariado.","A apresentação foi adiada para a semana que vem, porque o projetor da sala de reuniões está quebrado.",17,18
254,"Enquanto esperávamos pelo táxi, começou a chover tanto que tivemos de nos abrigar numa loja próxima.","Enquanto esperávamos pelo táxi, começou a chover tanto que tivemos que nos abrigar em uma loja próxima.",16,17
255,"Se precisares de ajuda com o trabalho de casa, posso explicar-te como resolver os exercícios mais difíceis.","Se você precisar de ajuda com a lição de casa, posso te explicar como resolver os exercícios mais difíceis.",17,19
256,"Se precisares de ajuda para organizar a festa de aniversário, posso ajudar-te a preparar a comida e a decoração.","Se você precisar de ajuda para organizar a festa de aniversário, posso te ajudar a preparar a comida e a decoração.",19,21
257,"A apresentação foi adiada para a próxima semana, porque o auditório principal está em obras de renovação.","A apresentação foi adiada para a semana que vem, porque o auditório principal está em reforma.",17,16
258,"Enquanto caminhávamos pela praia ao final da tarde, vimos um grupo de golfinhos a nadar perto da costa.","Enquanto caminhávamos pela praia no fim da tarde, vimos um grupo de golfinhos nadando perto da costa.",18,17
259,"Quando saímos do cinema, já era tão tarde que tivemos de apanhar um táxi para voltar para casa.","Quando saímos do cinema, já era tão tarde que tivemos que pegar um táxi para voltar para casa.",18,18
260,"Quando finalmente chegámos ao topo da montanha, a vista era tão bonita que ficámos sem palavras.","Quando finalmente chegamos ao topo da montanha, a vista era tão bonita que ficamos sem palavras.",16,16
261,"Quando finalmente encontrámos o restaurante, percebemos que estava fechado e tivemos de procurar outro lugar para comer.","Quando finalmente encontramos o restaurante, percebemos que estava fechado e tivemos que procurar outro lugar para comer.",17,17
262,"Enquanto caminhávamos pela floresta, ouvimos o som de pássaros e o barulho de um riacho ao longe.","Enquanto caminhávamos pela floresta, ouvimos o som dos pássaros e o barulho de um riacho ao longe.",17,17
263,"Quando saíres do trabalho, não te esqueças de passar pela farmácia para comprar os medicamentos que te pedi.","Quando sair do trabalho, não se esqueça de passar na farmácia para comprar os remédios que te pedi.",18,18
264,"Se tiveres tempo no final do dia, podemos combinar de ir ao café para conversar e pôr a conversa em dia.","Se você tiver tempo no final do dia, podemos combinar de ir à cafeteria para conversar e colocar o papo em dia.",21,22
265,"Durante a viagem de comboio, aproveitei para ler um livro que tinha comprado há meses e ainda não tinha começado.","Durante a viagem de trem, aproveitei para ler um livro que tinha comprado há meses e ainda não tinha começado.",20,20
266,"Se tiveres tempo no fim de semana, podemos ir àquela exposição de arte que tanto querias visitar.","Se você tiver tempo no fim de semana, podemos ir àquela exposição de arte que você tanto queria visitar.",17,19
267,"Enquanto passeávamos pelo mercado ao ar livre, encontramos um vendedor que tinha frutas frescas e muito saborosas.","Enquanto passeávamos pela feira ao ar livre, encontramos um vendedor que tinha frutas frescas e muito saborosas.",17,17
268,"Enquanto passeávamos pelo parque, vimos um grupo de crianças a jogar à bola e a correr pela relva.","Enquanto passeávamos pelo parque, vimos um grupo de crianças jogando bola e correndo pela grama.",18,15
269,A fila para o bilhete é muito longa.,A fila para o ingresso está muito grande.,8,8
270,Esqueci-me das chaves em casa e voltei para as buscar.,Esqueci as chaves em casa e voltei para pegá-las.,10,9
271,Esqueci-me de levar o guarda-chuva e fiquei todo molhado.,Esqueci de levar o guarda-chuva e me molhei todo.,9,9
272,Vou arrumar a casa antes de jantar.,Vou arrumar a casa antes do jantar.,7,7
273,Ela esqueceu-se do guarda-chuva no autocarro.,Ela esqueceu o guarda-chuva no ônibus.,6,6
274,Queres ir ao cinema este fim de semana?,Você quer ir ao cinema neste fim de semana?,8,9
275,A ementa do restaurante tem muitas opções vegetarianas.,O cardápio do restaurante tem muitas opções vegetarianas.,8,8
276,Ela deixou o guarda-chuva no banco do jardim.,Ela deixou o guarda-chuva no banco da praça.,8,8
277,Ela esqueceu-se do casaco no restaurante.,Ela esqueceu o casaco no restaurante.,6,6
278,Espera por mim junto à paragem de autocarro.,Me espera perto do ponto de ônibus.,8,7
279,A praia estava deserta por causa do mau tempo.,A praia estava vazia por causa do mau tempo.,9,9
280,O avião aterrou com atraso devido ao mau tempo.,O avião pousou com atraso por causa do mau tempo.,9,10
281,A comida no restaurante estava deliciosa ontem.,A comida no restaurante estava uma delícia ontem.,7,8
282,O concerto foi cancelado devido ao mau tempo.,O show foi cancelado por causa do mau tempo.,8,9
283,A escola vai organizar uma visita de estudo ao museu.,A escola vai organizar uma excursão ao museu.,10,8
284,A fila para comprar bilhetes era muito longa.,A fila para comprar ingressos estava muito grande.,8,8
285,"O Tomé decidiu fazer uma surpresa para a namorada. Comprou bilhetes para um concerto da banda favorita dela e não contou nada. No dia do evento, levou-a ao local sem dizer para onde iam. Quando chegaram, ela ficou tão feliz que o abraçou e agradeceu com um grande sorriso.","Tomé decidiu fazer uma surpresa para a namorada. Comprou ingressos para o show da banda favorita dela e não contou nada. No dia do evento, levou-a ao local sem dizer para onde estavam indo. Quando chegaram, ela ficou tão feliz que o abraçou e agradeceu com um grande sorriso.",49,49
286,"O Manuel encontrou uma receita antiga da avó e decidiu experimentá-la. Passou a tarde na cozinha a preparar um bolo de laranja. O cheiro espalhou-se pela casa e todos ficaram curiosos. Quando o bolo ficou pronto, sentaram-se à mesa e comeram juntos, recordando histórias de família.","Manuel encontrou uma receita antiga da avó e decidiu testá-la. Passou a tarde na cozinha preparando um bolo de laranja. O cheiro se espalhou pela casa e todos ficaram curiosos. Quando o bolo ficou pronto, sentaram-se à mesa e comeram juntos, relembrando histórias da família.",46,45
287,"O António decidiu aprender a tocar piano. Comprou um teclado e começou a praticar todos os dias. No início, era difícil, mas com o tempo começou a tocar as suas músicas favoritas. Agora, ele até dá pequenos concertos para os amigos em casa.","Antônio decidiu aprender a tocar piano. Comprou um teclado e começou a praticar todos os dias. No começo, era difícil, mas com o tempo começou a tocar suas músicas favoritas. Agora, ele até faz pequenos shows para os amigos em casa.",43,41
288,"A Leonor foi ao mercado de rua pela primeira vez. Ficou encantada com as bancas cheias de frutas e flores coloridas. Comprou um ramo de girassóis e um saco de laranjas frescas. Quando chegou a casa, colocou as flores num jarro e fez um sumo delicioso.","Leonor foi à feira de rua pela primeira vez. Ficou encantada com as barracas cheias de frutas e flores coloridas. Comprou um buquê de girassóis e um saco de laranjas frescas. Quando chegou em casa, colocou as flores em um vaso e fez um suco delicioso.",46,46
289,"O Henrique e os amigos decidiram organizar um torneio de futebol. Passaram a manhã a montar as balizas e a marcar o campo. Quando o jogo começou, todos se divertiram muito, mesmo com algumas quedas. No final, celebraram com um lanche e combinaram repetir a brincadeira no próximo mês.","Henrique e os amigos decidiram organizar um torneio de futebol. Passaram a manhã montando as traves e marcando o campo. Quando o jogo começou, todos se divertiram muito, mesmo com algumas quedas. No final, comemoraram com um lanche e combinaram repetir a brincadeira no mês que vem.",49,47
290,"O Jorge e a Clara foram ao cinema ver um filme de ação. Compraram pipocas e sentaram-se nas últimas filas. Durante o filme, riram-se e comentaram as cenas mais emocionantes. No final, decidiram ir jantar a um restaurante próximo.","Jorge e Clara foram ao cinema assistir a um filme de ação. Compraram pipoca e sentaram-se nas últimas fileiras. Durante o filme, riram e comentaram as cenas mais emocionantes. No final, decidiram jantar em um restaurante ali perto.",39,38
291,"O Rafael e os amigos decidiram fazer uma viagem de bicicleta. Planejaram o percurso e levaram mochilas com água e comida. Durante o caminho, pararam para descansar junto a um lago. No final do dia, chegaram ao destino e montaram as tendas para passar a noite.","Rafael e os amigos decidiram fazer uma viagem de bicicleta. Planejaram o trajeto e levaram mochilas com água e comida. Durante o caminho, pararam para descansar perto de um lago. No final do dia, chegaram ao destino e montaram as barracas para passar a noite.",46,45
292,"O Filipe decidiu passar o domingo a explorar uma nova cidade. Começou por visitar o mercado local, onde comprou algumas frutas frescas. Depois, caminhou até ao museu e passou horas a admirar as exposições. No final do dia, sentou-se numa esplanada e provou um doce típico da região.","Filipe decidiu passar o domingo explorando uma nova cidade. Começou visitando o mercado local, onde comprou algumas frutas frescas. Depois, caminhou até o museu e passou horas admirando as exposições. No fim do dia, sentou-se em uma cafeteria e experimentou um doce típico da região.",48,45
293,"O Hugo decidiu aprender a surfar durante as férias de verão. No primeiro dia, teve dificuldade em equilibrar-se na prancha e caiu várias vezes. No entanto, com a ajuda do instrutor, conseguiu apanhar a sua primeira onda. No final da semana, já se sentia confiante e adorou a experiência.","Hugo decidiu aprender a surfar durante as férias de verão. No primeiro dia, teve dificuldade em se equilibrar na prancha e caiu várias vezes. No entanto, com a ajuda do instrutor, conseguiu pegar sua primeira onda. No final da semana, já estava confiante e adorou a experiência.",49,47
294,"A Teresa encontrou um velho álbum de fotografias no sótão. Passou horas a folheá-lo e a recordar momentos da infância. Algumas fotos fizeram-na rir, enquanto outras a deixaram nostálgica. Decidiu digitalizar as imagens para partilhá-las com a família.","Teresa encontrou um álbum de fotos antigo no sótão. Passou horas folheando e relembrando momentos da infância. Algumas fotos a fizeram rir, enquanto outras a deixaram nostálgica. Decidiu digitalizar as imagens para compartilhá-las com a família.",38,36
295,"A Filipa inscreveu-se numa corrida de 10 quilómetros na cidade. Durante semanas, treinou todos os dias para melhorar o seu tempo. No dia da prova, estava nervosa, mas conseguiu terminar a corrida. Ficou muito feliz com o seu desempenho e prometeu participar novamente no próximo ano.","Filipa se inscreveu em uma corrida de 10 quilômetros na cidade. Durante semanas, treinou todos os dias para melhorar seu tempo. No dia da prova, estava nervosa, mas conseguiu terminar a corrida. Ficou muito feliz com seu desempenho e prometeu participar novamente no ano que vem.",46,46
296,"O Tomé passou a tarde a ajudar a avó a fazer bolachas. Misturou os ingredientes e cortou a massa em formas de estrelas e corações. Quando ficaram prontas, não resistiu a provar uma ainda quente.","O Tomé passou a tarde ajudando a avó a fazer biscoitos. Misturou os ingredientes e cortou a massa em formatos de estrelas e corações. Quando ficaram prontos, não resistiu e provou um ainda quente.",35,34
297,"O Hugo passou a tarde a ensinar o irmão mais novo a andar de bicicleta. No início, o rapaz tinha medo de cair, mas com paciência conseguiu equilibrar-se. No final, estavam os dois a rir e a celebrar.","O Hugo passou a tarde ensinando o irmão mais novo a andar de bicicleta. No começo, o menino tinha medo de cair, mas com paciência conseguiu se equilibrar. No final, os dois estavam rindo e comemorando.",38,36
298,Vamos visitar o museu da cidade no próximo fim de semana para ver a nova exposição.,Vamos visitar o museu da cidade no próximo fim de semana para ver a nova exposição.,16,16
299,Ela decidiu ir ao mercado de manhã cedo para evitar as filas e comprar legumes frescos.,Ela decidiu ir ao mercado de manhã cedo para evitar as filas e comprar legumes frescos.,16,16
300,Ela decidiu comprar um vestido novo para usar na festa de casamento da sua melhor amiga.,Ela decidiu comprar um vestido novo para usar na festa de casamento da sua melhor amiga.,16,16
301,Os miúdos estavam a brincar no jardim quando começou a chover de repente e correram para casa.,Os miúdos estavam a brincar no jardim quando começou a chover de repente e correram para casa.,17,17
302,Vou passar o fim de semana na casa dos meus avós para aproveitar o campo e descansar um pouco.,Vou passar o fim de semana na casa dos meus avós para aproveitar o campo e descansar um pouco.,19,19
303,Comprei um livro novo na livraria e mal posso esperar para começar a lê-lo esta noite.,Comprei um livro novo na livraria e mal posso esperar para começar a lê-lo esta noite.,16,16
304,Vou precisar de uma mala maior para levar todas as roupas que quero usar nas férias.,Vou precisar de uma mala maior para levar todas as roupas que quero usar nas férias.,16,16
305,Ela disse que ia preparar um bolo de chocolate para a festa de aniversário do irmão.,Ela disse que ia preparar um bolo de chocolate para a festa de aniversário do irmão.,16,16
306,Amanhã vamos visitar o museu da cidade.,Amanhã vamos visitar o museu da cidade.,7,7
307,Vamos almoçar fora no próximo fim de semana.,Vamos almoçar fora no próximo fim de semana.,8,8
308,O jantar vai ser servido às oito horas.,O jantar vai ser servido às oito horas.,8,8
309,O relógio da sala parou de funcionar ontem.,O relógio da sala parou de funcionar ontem.,8,8
310,A chuva começou a cair de repente esta tarde.,A chuva começou a cair de repente esta tarde.,9,9
311,Ele comprou um presente para o aniversário dela.,Ele comprou um presente para o aniversário dela.,8,8
